<annotation>
	<folder>salt_images</folder>
	<filename>1.jpg</filename>
	<path>C:\Users\sadda\Desktop\image_processing\salt_images\1.jpg</path>
	<source>
		<database>Unknown</database>
	</source>
	<size>
		<width>800</width>
		<height>600</height>
		<depth>3</depth>
	</size>
	<segmented>0</segmented>
	<object>
		<name>salt</name>
		<pose>Unspecified</pose>
		<truncated>1</truncated>
		<difficult>0</difficult>
		<bndbox>
			<xmin>25</xmin>
			<ymin>14</ymin>
			<xmax>650</xmax>
			<ymax>600</ymax>
		</bndbox>
	</object>
	<object>
		<name>salt</name>
		<pose>Unspecified</pose>
		<truncated>0</truncated>
		<difficult>0</difficult>
		<bndbox>
			<xmin>467</xmin>
			<ymin>58</ymin>
			<xmax>545</xmax>
			<ymax>120</ymax>
		</bndbox>
	</object>
</annotation>
