<annotation>
	<folder>salt_images</folder>
	<filename>3.jpg</filename>
	<path>C:\Users\sadda\Desktop\image_processing\salt_images\3.jpg</path>
	<source>
		<database>Unknown</database>
	</source>
	<size>
		<width>800</width>
		<height>600</height>
		<depth>3</depth>
	</size>
	<segmented>0</segmented>
	<object>
		<name>salt</name>
		<pose>Unspecified</pose>
		<truncated>0</truncated>
		<difficult>0</difficult>
		<bndbox>
			<xmin>10</xmin>
			<ymin>37</ymin>
			<xmax>784</xmax>
			<ymax>510</ymax>
		</bndbox>
	</object>
	<object>
		<name>salt</name>
		<pose>Unspecified</pose>
		<truncated>0</truncated>
		<difficult>0</difficult>
		<bndbox>
			<xmin>220</xmin>
			<ymin>64</ymin>
			<xmax>474</xmax>
			<ymax>167</ymax>
		</bndbox>
	</object>
</annotation>
