<annotation>
	<folder>salt_images</folder>
	<filename>4.jpg</filename>
	<path>C:\Users\sadda\Desktop\image_processing\salt_images\4.jpg</path>
	<source>
		<database>Unknown</database>
	</source>
	<size>
		<width>800</width>
		<height>600</height>
		<depth>3</depth>
	</size>
	<segmented>0</segmented>
	<object>
		<name>salt</name>
		<pose>Unspecified</pose>
		<truncated>1</truncated>
		<difficult>0</difficult>
		<bndbox>
			<xmin>2</xmin>
			<ymin>52</ymin>
			<xmax>800</xmax>
			<ymax>324</ymax>
		</bndbox>
	</object>
	<object>
		<name>salt</name>
		<pose>Unspecified</pose>
		<truncated>0</truncated>
		<difficult>0</difficult>
		<bndbox>
			<xmin>264</xmin>
			<ymin>226</ymin>
			<xmax>578</xmax>
			<ymax>300</ymax>
		</bndbox>
	</object>
</annotation>
