<annotation>
	<folder>salt_images</folder>
	<filename>5.jpg</filename>
	<path>C:\Users\sadda\Desktop\image_processing\salt_images\5.jpg</path>
	<source>
		<database>Unknown</database>
	</source>
	<size>
		<width>800</width>
		<height>600</height>
		<depth>3</depth>
	</size>
	<segmented>0</segmented>
	<object>
		<name>salt</name>
		<pose>Unspecified</pose>
		<truncated>0</truncated>
		<difficult>0</difficult>
		<bndbox>
			<xmin>84</xmin>
			<ymin>113</ymin>
			<xmax>283</xmax>
			<ymax>291</ymax>
		</bndbox>
	</object>
</annotation>
