<annotation>
	<folder>salt_images</folder>
	<filename>6.jpg</filename>
	<path>C:\Users\sadda\Desktop\image_processing\salt_images\6.jpg</path>
	<source>
		<database>Unknown</database>
	</source>
	<size>
		<width>800</width>
		<height>600</height>
		<depth>3</depth>
	</size>
	<segmented>0</segmented>
	<object>
		<name>salt</name>
		<pose>Unspecified</pose>
		<truncated>0</truncated>
		<difficult>0</difficult>
		<bndbox>
			<xmin>5</xmin>
			<ymin>95</ymin>
			<xmax>788</xmax>
			<ymax>327</ymax>
		</bndbox>
	</object>
</annotation>
