<annotation>
	<folder>salt_images</folder>
	<filename>7.jpg</filename>
	<path>C:\Users\sadda\Desktop\image_processing\salt_images\7.jpg</path>
	<source>
		<database>Unknown</database>
	</source>
	<size>
		<width>800</width>
		<height>600</height>
		<depth>3</depth>
	</size>
	<segmented>0</segmented>
	<object>
		<name>salt</name>
		<pose>Unspecified</pose>
		<truncated>0</truncated>
		<difficult>0</difficult>
		<bndbox>
			<xmin>5</xmin>
			<ymin>182</ymin>
			<xmax>785</xmax>
			<ymax>501</ymax>
		</bndbox>
	</object>
	<object>
		<name>salt</name>
		<pose>Unspecified</pose>
		<truncated>0</truncated>
		<difficult>0</difficult>
		<bndbox>
			<xmin>286</xmin>
			<ymin>227</ymin>
			<xmax>439</xmax>
			<ymax>271</ymax>
		</bndbox>
	</object>
	<object>
		<name>salt</name>
		<pose>Unspecified</pose>
		<truncated>0</truncated>
		<difficult>0</difficult>
		<bndbox>
			<xmin>535</xmin>
			<ymin>361</ymin>
			<xmax>619</xmax>
			<ymax>433</ymax>
		</bndbox>
	</object>
</annotation>
